Type,Name,Request Count,Failure Count,Median Response Time,Average Response Time,Min Response Time,Max Response Time,Average Content Size,Requests/s,Failures/s,50%,66%,75%,80%,90%,95%,98%,99%,99.9%,99.99%,100%
TOTAL,long_generation,579,0,24000,26394.867254122633,8545.998703999885,54304.896722999954,698.9758203799655,1.9289091124848965,0.0,24000,33000,38000,40000,46000,49000,53000,54000,54000,54000,54000
TTFT,long_generation,579,0,100,135.3602686528531,35.358000000087486,1073.9157620000697,0.0,1.9289091124848965,0.0,100,140,160,170,220,320,650,810,1100,1100,1100
TOTAL,multi_turn,1061,0,6600,8058.326636549484,1063.2541249999576,27164.18726799998,198.1234684260132,3.5346676482667965,0.0,6600,9000,12000,13000,16000,18000,20000,21000,25000,27000,27000
TTFT,multi_turn,1061,0,120,160.18535402073567,45.03159599994433,1077.6494110000385,0.0,3.5346676482667965,0.0,120,170,190,220,270,350,660,890,1100,1100,1100
TOTAL,short_qa,1577,0,1100,1505.9278983538359,140.9307000001263,5320.496021000054,34.44134432466709,5.2536954583569635,0.0,1100,1700,2100,2300,3400,4400,4800,4900,5100,5300,5300
TTFT,short_qa,1577,0,120,154.12279685098173,44.15636799990352,1081.3367499999913,0.0,5.2536954583569635,0.0,120,170,190,210,260,330,660,810,1100,1100,1100
TOTAL,summarization,1087,0,8400,9360.479642800365,2426.055814999927,27311.989088000017,237.00183992640294,3.6212853286201767,0.0,8400,11000,13000,14000,17000,19000,23000,26000,27000,27000,27000
TTFT,summarization,1087,0,160,180.66473640018074,66.62917899984677,1066.3984660000096,0.0,3.6212853286201767,0.0,160,190,220,240,270,350,600,790,990,1100,1100
,Aggregated,8608,0,350,4306.455256065407,35.358000000087486,54304.896722999954,107.67321096654275,28.677115095457665,0.0,350,2400,4800,7000,14000,20000,35000,42000,53000,54000,54000
